window,filters,kernel_size,units,dense_units,dropout,learning_rate,batch_size,seed,epochs,seconds,val MAE,val RMSE
24,16,5,64,32,0.2,0.003,64,42,33,69,22.94,57.91
24,64,5,64,32,0.1,0.003,64,42,21,49,23.18,58.9
24,16,5,64,32,0.1,0.001,64,42,34,72,23.28,58.4
24,64,5,128,16,0.1,0.0003,128,42,68,431,23.28,59.09
6,16,2,128,64,0.4,0.003,128,42,33,35,23.39,58.44
12,64,2,64,16,0.2,0.0003,32,42,58,132,23.4,58.36
24,64,3,64,16,0.1,0.003,32,42,22,80,23.5,58.72
12,32,5,32,64,0.2,0.001,32,42,37,71,23.52,59.94
6,64,3,32,64,0.2,0.001,32,42,37,107,23.57,59.37
12,32,5,128,64,0.3,0.0003,64,42,63,131,23.75,59.18
24,16,3,128,64,0.3,0.0003,32,42,50,233,23.84,59.73
6,64,3,128,64,0.2,0.001,32,42,29,62,23.87,59.58
12,32,2,64,64,0.4,0.001,64,42,31,42,24.02,60.63
24,32,5,32,64,0.3,0.003,32,42,24,69,24.05,62.71
24,16,2,128,16,0.2,0.0003,128,42,57,170,24.14,60.7
12,64,2,32,64,0.4,0.003,64,42,13,17,24.3,61.34
12,32,2,32,16,0.2,0.0003,128,42,44,74,24.43,61.24
12,16,5,32,16,0.4,0.003,128,42,36,28,24.48,62.32
12,16,2,64,64,0.4,0.0003,64,42,64,83,24.56,62.0
12,64,5,32,64,0.4,0.001,128,42,22,17,25.67,66.71
